{"id":"1c7bf625-7dae-11ec-ab50-0242ac130002","name":"Exclusive gateway","key":"exclusiveGateway","description":"","editorJson":{"modelId":"1c7bf625-7dae-11ec-ab50-0242ac130002","bounds":{"lowerRight":{"x":1200,"y":1050},"upperLeft":{"x":0,"y":0}},"properties":{"process_id":"exclusiveGateway","name":"Exclusive gateway","documentation":"","process_author":"","process_version":"","process_namespace":"http://www.flowable.org/processdef","process_historylevel":"","isexecutable":true,"dataproperties":"","executionlisteners":"","eventlisteners":"","signaldefinitions":"","messagedefinitions":"","escalationdefinitions":"","process_potentialstarteruser":"","process_potentialstartergroup":"","iseagerexecutionfetch":"false"},"childShapes":[{"resourceId":"startEvent1","properties":{"overrideid":"","name":"","documentation":"","executionlisteners":"","initiator":"","formkeydefinition":"","formreference":{"id":"7348646c-7c98-11ec-ac49-0242ac130002","name":"Counter form","key":"counterForm"},"formfieldvalidation":true,"formproperties":""},"stencil":{"id":"StartNoneEvent"},"childShapes":[],"outgoing":[{"resourceId":"sid-9E53C972-B245-42C9-BE8E-85C8F8BC13AA"}],"bounds":{"lowerRight":{"x":130,"y":193},"upperLeft":{"x":100,"y":163}},"dockers":[]},{"resourceId":"sid-4996948D-2886-4CBA-9E8F-7C1C3688F99D","properties":{"overrideid":"","name":"","documentation":"","asynchronousdefinition":"false","exclusivedefinition":"false","sequencefloworder":""},"stencil":{"id":"ExclusiveGateway"},"childShapes":[],"outgoing":[{"resourceId":"sid-21B70265-8CD1-47EB-93CE-334230ACCFA7"},{"resourceId":"sid-CBE143FB-B1D6-4ED1-B9D1-498DA7B749D3"}],"bounds":{"lowerRight":{"x":215,"y":198},"upperLeft":{"x":175,"y":158}},"dockers":[]},{"resourceId":"sid-9E53C972-B245-42C9-BE8E-85C8F8BC13AA","properties":{"overrideid":"","name":"","documentation":"","conditionsequenceflow":"","executionlisteners":"","defaultflow":"false","skipexpression":""},"stencil":{"id":"SequenceFlow"},"childShapes":[],"outgoing":[{"resourceId":"sid-4996948D-2886-4CBA-9E8F-7C1C3688F99D"}],"bounds":{"lowerRight":{"x":174.37501928882116,"y":178.3687889396821},"upperLeft":{"x":130.46482446117884,"y":178.0960548103179}},"dockers":[{"x":15,"y":15},{"x":20.5,"y":20.5}],"target":{"resourceId":"sid-4996948D-2886-4CBA-9E8F-7C1C3688F99D"}},{"resourceId":"sid-E3533FE6-75CA-4FE0-A7C9-0C06914987F1","properties":{"overrideid":"","name":"Less than 10","documentation":"","asynchronousdefinition":"false","exclusivedefinition":"false","executionlisteners":"","multiinstance_type":"None","multiinstance_variableaggregations":"","multiinstance_cardinality":"","multiinstance_collection":"","multiinstance_variable":"","multiinstance_condition":"","isforcompensation":"false","usertaskassignment":{"assignment":{"type":"idm","initiatorCanCompleteTask":true,"idm":{"type":"initiator"}}},"formkeydefinition":"","formreference":"","formfieldvalidation":true,"duedatedefinition":"","prioritydefinition":"","formproperties":"","tasklisteners":"","skipexpression":"","categorydefinition":"","taskidvariablename":""},"stencil":{"id":"UserTask"},"childShapes":[],"outgoing":[{"resourceId":"sid-91270526-FD43-469A-A0D2-AD9B9C71B282"}],"bounds":{"lowerRight":{"x":360,"y":110},"upperLeft":{"x":260,"y":30}},"dockers":[]},{"resourceId":"sid-9336D5F1-9C6B-4322-8916-B9ABC2C2E75B","properties":{"overrideid":"","name":"More or equal to 10","documentation":"","asynchronousdefinition":"false","exclusivedefinition":"false","executionlisteners":"","multiinstance_type":"None","multiinstance_variableaggregations":"","multiinstance_cardinality":"","multiinstance_collection":"","multiinstance_variable":"","multiinstance_condition":"","isforcompensation":"false","usertaskassignment":{"assignment":{"type":"idm","initiatorCanCompleteTask":true,"idm":{"type":"initiator"}}},"formkeydefinition":"","formreference":"","formfieldvalidation":true,"duedatedefinition":"","prioritydefinition":"","formproperties":"","tasklisteners":"","skipexpression":"","categorydefinition":"","taskidvariablename":""},"stencil":{"id":"UserTask"},"childShapes":[],"outgoing":[{"resourceId":"sid-5C10AD17-F87C-4C18-A4B8-5D8748B53C65"}],"bounds":{"lowerRight":{"x":370,"y":320},"upperLeft":{"x":270,"y":240}},"dockers":[]},{"resourceId":"sid-984B0B51-4CD8-4AE7-9464-4A7EB13D1AA3","properties":{"overrideid":"","name":"","documentation":"","asynchronousdefinition":"false","exclusivedefinition":"false","sequencefloworder":""},"stencil":{"id":"ExclusiveGateway"},"childShapes":[],"outgoing":[{"resourceId":"sid-6A2AAC65-F628-43D9-AA54-0212C3D6657C"}],"bounds":{"lowerRight":{"x":475,"y":198},"upperLeft":{"x":435,"y":158}},"dockers":[]},{"resourceId":"sid-5C10AD17-F87C-4C18-A4B8-5D8748B53C65","properties":{"overrideid":"","name":"","documentation":"","conditionsequenceflow":"","executionlisteners":"","defaultflow":"false","skipexpression":""},"stencil":{"id":"SequenceFlow"},"childShapes":[],"outgoing":[{"resourceId":"sid-984B0B51-4CD8-4AE7-9464-4A7EB13D1AA3"}],"bounds":{"lowerRight":{"x":455.5,"y":280},"upperLeft":{"x":370.75390625,"y":198.53125}},"dockers":[{"x":50,"y":40},{"x":455.5,"y":280},{"x":20.5,"y":20.5}],"target":{"resourceId":"sid-984B0B51-4CD8-4AE7-9464-4A7EB13D1AA3"}},{"resourceId":"sid-91270526-FD43-469A-A0D2-AD9B9C71B282","properties":{"overrideid":"","name":"","documentation":"","conditionsequenceflow":"","executionlisteners":"","defaultflow":"false","skipexpression":"","showdiamondmarker":false},"stencil":{"id":"SequenceFlow"},"childShapes":[],"outgoing":[{"resourceId":"sid-984B0B51-4CD8-4AE7-9464-4A7EB13D1AA3"}],"bounds":{"lowerRight":{"x":455.5,"y":157.15625},"upperLeft":{"x":360.75390625,"y":70}},"dockers":[{"x":99,"y":40},{"x":455.5,"y":70},{"x":20.5,"y":20.5}],"target":{"resourceId":"sid-984B0B51-4CD8-4AE7-9464-4A7EB13D1AA3"}},{"resourceId":"sid-07F9EE1D-CB1F-48F1-BD7A-78753B25A115","properties":{"overrideid":"","name":"","documentation":"","executionlisteners":""},"stencil":{"id":"EndNoneEvent"},"childShapes":[],"outgoing":[],"bounds":{"lowerRight":{"x":531.5,"y":192},"upperLeft":{"x":503.5,"y":164}},"dockers":[]},{"resourceId":"sid-6A2AAC65-F628-43D9-AA54-0212C3D6657C","properties":{"overrideid":"","name":"","documentation":"","conditionsequenceflow":"","executionlisteners":"","defaultflow":"false","skipexpression":""},"stencil":{"id":"SequenceFlow"},"childShapes":[],"outgoing":[{"resourceId":"sid-07F9EE1D-CB1F-48F1-BD7A-78753B25A115"}],"bounds":{"lowerRight":{"x":502.9375325166241,"y":178.3434982461018},"upperLeft":{"x":474.9062174833759,"y":178.1174392538982}},"dockers":[{"x":20.5,"y":20.5},{"x":14,"y":14}],"target":{"resourceId":"sid-07F9EE1D-CB1F-48F1-BD7A-78753B25A115"}},{"resourceId":"sid-21B70265-8CD1-47EB-93CE-334230ACCFA7","properties":{"overrideid":"","name":"","documentation":"","conditionsequenceflow":{"expression":{"type":"static","staticValue":"${counter <10}"}},"executionlisteners":"","defaultflow":"false","skipexpression":""},"stencil":{"id":"SequenceFlow"},"childShapes":[],"outgoing":[{"resourceId":"sid-E3533FE6-75CA-4FE0-A7C9-0C06914987F1"}],"bounds":{"lowerRight":{"x":259.80078125,"y":157.15625},"upperLeft":{"x":195.5,"y":70}},"dockers":[{"x":20.5,"y":20.5},{"x":195.5,"y":70},{"x":50,"y":40}],"target":{"resourceId":"sid-E3533FE6-75CA-4FE0-A7C9-0C06914987F1"}},{"resourceId":"sid-CBE143FB-B1D6-4ED1-B9D1-498DA7B749D3","properties":{"overrideid":"","name":"","documentation":"","conditionsequenceflow":{"expression":{"type":"static","staticValue":"${counter >= 10}"}},"executionlisteners":"","defaultflow":"false","skipexpression":""},"stencil":{"id":"SequenceFlow"},"childShapes":[],"outgoing":[{"resourceId":"sid-9336D5F1-9C6B-4322-8916-B9ABC2C2E75B"}],"bounds":{"lowerRight":{"x":269.5860624589983,"y":282},"upperLeft":{"x":193.5,"y":198.09746960013018}},"dockers":[{"x":20.5,"y":20.5},{"x":193.5,"y":282},{"x":50,"y":40}],"target":{"resourceId":"sid-9336D5F1-9C6B-4322-8916-B9ABC2C2E75B"}}],"stencil":{"id":"BPMNDiagram"},"stencilset":{"namespace":"http://b3mn.org/stencilset/bpmn2.0#","url":"../editor/stencilsets/bpmn2.0/bpmn2.0.json"}}}