{"id":"f7a9bf49-81a0-11ec-b2ff-0242ac130002","name":"Call fire fighters","key":"callFireFightersProcess","description":"","editorJson":{"modelId":"f7a9bf49-81a0-11ec-b2ff-0242ac130002","bounds":{"lowerRight":{"x":1200,"y":1050},"upperLeft":{"x":0,"y":0}},"properties":{"process_id":"callFireFightersProcess","name":"Call fire fighters","documentation":"","process_author":"","process_version":"","process_namespace":"http://www.flowable.org/processdef","process_historylevel":"","isexecutable":true,"dataproperties":"","executionlisteners":"","eventlisteners":"","signaldefinitions":"[{\"id\":\"fireAlarm\",\"name\":\"Fire Alarm\",\"scope\":\"global\",\"$$hashKey\":\"uiGrid-001B\"}]","messagedefinitions":"","escalationdefinitions":"","process_potentialstarteruser":"","process_potentialstartergroup":"","iseagerexecutionfetch":"false"},"childShapes":[{"resourceId":"sid-4A2AAA39-CCA7-4A1F-89E7-E0E517C7ACF8","properties":{"overrideid":"","name":"","documentation":"","executionlisteners":"","signalref":"fireAlarm","signalexpression":"","interrupting":true},"stencil":{"id":"StartSignalEvent"},"childShapes":[],"outgoing":[{"resourceId":"sid-3D292883-453B-4323-82C5-7068BCF17CA4"}],"bounds":{"lowerRight":{"x":240,"y":210},"upperLeft":{"x":210,"y":180}},"dockers":[]},{"resourceId":"sid-75D8F56D-07BF-45D3-8803-C7FF40826B9D","properties":{"overrideid":"","name":"Call fire fighters","documentation":"","asynchronousdefinition":"false","exclusivedefinition":"false","executionlisteners":"","multiinstance_type":"None","multiinstance_variableaggregations":"","multiinstance_cardinality":"","multiinstance_collection":"","multiinstance_variable":"","multiinstance_condition":"","isforcompensation":"false","usertaskassignment":{"assignment":{"type":"static","initiatorCanCompleteTask":false,"assignee":"john"}},"formkeydefinition":"","formreference":"","formfieldvalidation":true,"duedatedefinition":"","prioritydefinition":"","formproperties":"","tasklisteners":"","skipexpression":"","categorydefinition":"","taskidvariablename":""},"stencil":{"id":"UserTask"},"childShapes":[],"outgoing":[{"resourceId":"sid-17E6A126-B9DE-40E9-9486-CF0FDD1F2B91"}],"bounds":{"lowerRight":{"x":415,"y":235},"upperLeft":{"x":315,"y":155}},"dockers":[]},{"resourceId":"sid-3D292883-453B-4323-82C5-7068BCF17CA4","properties":{"overrideid":"","name":"","documentation":"","conditionsequenceflow":"","executionlisteners":"","defaultflow":"false","skipexpression":""},"stencil":{"id":"SequenceFlow"},"childShapes":[],"outgoing":[{"resourceId":"sid-75D8F56D-07BF-45D3-8803-C7FF40826B9D"}],"bounds":{"lowerRight":{"x":314.78125,"y":195},"upperLeft":{"x":240.21875,"y":195}},"dockers":[{"x":15,"y":15},{"x":50,"y":40}],"target":{"resourceId":"sid-75D8F56D-07BF-45D3-8803-C7FF40826B9D"}},{"resourceId":"sid-252DB33A-B773-47FD-899D-25EBE48590AF","properties":{"overrideid":"","name":"","documentation":"","executionlisteners":""},"stencil":{"id":"EndNoneEvent"},"childShapes":[],"outgoing":[],"bounds":{"lowerRight":{"x":518,"y":209},"upperLeft":{"x":490,"y":181}},"dockers":[]},{"resourceId":"sid-17E6A126-B9DE-40E9-9486-CF0FDD1F2B91","properties":{"overrideid":"","name":"","documentation":"","conditionsequenceflow":"","executionlisteners":"","defaultflow":"false","skipexpression":""},"stencil":{"id":"SequenceFlow"},"childShapes":[],"outgoing":[{"resourceId":"sid-252DB33A-B773-47FD-899D-25EBE48590AF"}],"bounds":{"lowerRight":{"x":489.96875,"y":195},"upperLeft":{"x":415.953125,"y":195}},"dockers":[{"x":50,"y":40},{"x":14,"y":14}],"target":{"resourceId":"sid-252DB33A-B773-47FD-899D-25EBE48590AF"}}],"stencil":{"id":"BPMNDiagram"},"stencilset":{"namespace":"http://b3mn.org/stencilset/bpmn2.0#","url":"../editor/stencilsets/bpmn2.0/bpmn2.0.json"}}}