{"id":"2f568588-8132-11ec-b988-0242ac130002","name":"callEmergencyProcess","key":"callEmergencyProcess","description":"","editorJson":{"modelId":"2f568588-8132-11ec-b988-0242ac130002","bounds":{"lowerRight":{"x":1200,"y":1050},"upperLeft":{"x":0,"y":0}},"properties":{"process_id":"callEmergencyProcess","name":"callEmergencyProcess","documentation":"","process_author":"","process_version":"","process_namespace":"http://www.flowable.org/processdef","process_historylevel":"","isexecutable":true,"dataproperties":"","executionlisteners":"","eventlisteners":"","signaldefinitions":"[{\"id\":\"fireAlarm\",\"name\":\"Fire Alarm\",\"scope\":\"global\",\"$$hashKey\":\"uiGrid-000B\"}]","messagedefinitions":"","escalationdefinitions":"","process_potentialstarteruser":"","process_potentialstartergroup":"","iseagerexecutionfetch":"false"},"childShapes":[{"resourceId":"sid-95B84977-6C06-48F5-AD62-64E85EEAAF5A","properties":{"overrideid":"","name":"","documentation":"","executionlisteners":"","signalref":"fireAlarm","signalexpression":"","interrupting":true},"stencil":{"id":"StartSignalEvent"},"childShapes":[],"outgoing":[{"resourceId":"sid-BC66371C-8857-4176-99F4-76C9A907E9A2"}],"bounds":{"lowerRight":{"x":150,"y":114},"upperLeft":{"x":120,"y":84}},"dockers":[]},{"resourceId":"sid-C56B6588-3D5C-4547-8CAB-CB1D8BEDB7D0","properties":{"overrideid":"","name":"Call emergency service","documentation":"","asynchronousdefinition":"false","exclusivedefinition":"false","executionlisteners":"","multiinstance_type":"None","multiinstance_variableaggregations":"","multiinstance_cardinality":"","multiinstance_collection":"","multiinstance_variable":"","multiinstance_condition":"","isforcompensation":"false","usertaskassignment":{"assignment":{"type":"static","initiatorCanCompleteTask":false,"assignee":"martin"}},"formkeydefinition":"","formreference":"","formfieldvalidation":true,"duedatedefinition":"","prioritydefinition":"","formproperties":"","tasklisteners":"","skipexpression":"","categorydefinition":"","taskidvariablename":""},"stencil":{"id":"UserTask"},"childShapes":[],"outgoing":[{"resourceId":"sid-CF60C5B2-80F9-4097-A9A8-444980B852C4"}],"bounds":{"lowerRight":{"x":295,"y":139},"upperLeft":{"x":195,"y":59}},"dockers":[]},{"resourceId":"sid-BC66371C-8857-4176-99F4-76C9A907E9A2","properties":{"overrideid":"","name":"","documentation":"","conditionsequenceflow":"","executionlisteners":"","defaultflow":"false","skipexpression":""},"stencil":{"id":"SequenceFlow"},"childShapes":[],"outgoing":[{"resourceId":"sid-C56B6588-3D5C-4547-8CAB-CB1D8BEDB7D0"}],"bounds":{"lowerRight":{"x":194.15625,"y":99},"upperLeft":{"x":150.609375,"y":99}},"dockers":[{"x":15,"y":15},{"x":50,"y":40}],"target":{"resourceId":"sid-C56B6588-3D5C-4547-8CAB-CB1D8BEDB7D0"}},{"resourceId":"sid-0AE46138-F9F9-453A-8E8F-B3B5AB41BADD","properties":{"overrideid":"","name":"","documentation":"","executionlisteners":""},"stencil":{"id":"EndNoneEvent"},"childShapes":[],"outgoing":[],"bounds":{"lowerRight":{"x":368,"y":113},"upperLeft":{"x":340,"y":85}},"dockers":[]},{"resourceId":"sid-CF60C5B2-80F9-4097-A9A8-444980B852C4","properties":{"overrideid":"","name":"","documentation":"","conditionsequenceflow":"","executionlisteners":"","defaultflow":"false","skipexpression":""},"stencil":{"id":"SequenceFlow"},"childShapes":[],"outgoing":[{"resourceId":"sid-0AE46138-F9F9-453A-8E8F-B3B5AB41BADD"}],"bounds":{"lowerRight":{"x":339.375,"y":99},"upperLeft":{"x":295.390625,"y":99}},"dockers":[{"x":50,"y":40},{"x":14,"y":14}],"target":{"resourceId":"sid-0AE46138-F9F9-453A-8E8F-B3B5AB41BADD"}}],"stencil":{"id":"BPMNDiagram"},"stencilset":{"namespace":"http://b3mn.org/stencilset/bpmn2.0#","url":"../editor/stencilsets/bpmn2.0/bpmn2.0.json"}}}