{"id":"8c8d5433-81a2-11ec-b2ff-0242ac130002","name":"One task process with signal","key":"oneTaskProcessWithSignal","description":"","editorJson":{"modelId":"8c8d5433-81a2-11ec-b2ff-0242ac130002","bounds":{"lowerRight":{"x":1200,"y":1050},"upperLeft":{"x":0,"y":0}},"properties":{"process_id":"oneTaskProcessWithSignal","name":"One task process with signal","documentation":"","process_author":"","process_version":"","process_namespace":"http://www.flowable.org/processdef","process_historylevel":"","isexecutable":true,"dataproperties":"","executionlisteners":"","eventlisteners":"","signaldefinitions":"[{\"id\":\"fireAlarm\",\"name\":\"Fire Alarm\",\"scope\":\"global\",\"$$hashKey\":\"uiGrid-000B\"}]","messagedefinitions":"","escalationdefinitions":"","process_potentialstarteruser":"","process_potentialstartergroup":"","iseagerexecutionfetch":"false"},"childShapes":[{"resourceId":"startEvent1","properties":{"overrideid":"","name":"","documentation":"","executionlisteners":"","initiator":"","formkeydefinition":"","formreference":"","formfieldvalidation":true,"formproperties":""},"stencil":{"id":"StartNoneEvent"},"childShapes":[],"outgoing":[{"resourceId":"sid-105C11DC-012E-49C1-870F-95147E4A85B0"}],"bounds":{"lowerRight":{"x":130,"y":193},"upperLeft":{"x":100,"y":163}},"dockers":[]},{"resourceId":"sid-CDD583DD-CDCE-401C-8F5D-3A97D191ECEA","properties":{"overrideid":"","name":"Approve loan","documentation":"","asynchronousdefinition":"false","exclusivedefinition":"false","executionlisteners":"","multiinstance_type":"None","multiinstance_variableaggregations":"","multiinstance_cardinality":"","multiinstance_collection":"","multiinstance_variable":"","multiinstance_condition":"","isforcompensation":"false","usertaskassignment":{"assignment":{"type":"idm","initiatorCanCompleteTask":true,"idm":{"type":"initiator"}}},"formkeydefinition":"","formreference":"","formfieldvalidation":true,"duedatedefinition":"","prioritydefinition":"","formproperties":"","tasklisteners":"","skipexpression":"","categorydefinition":"","taskidvariablename":""},"stencil":{"id":"UserTask"},"childShapes":[],"outgoing":[{"resourceId":"sid-D59CFB98-1E66-4091-8D3D-5FB18C9D2371"},{"resourceId":"sid-9F02016C-8487-42A4-AF67-6AEE1ECCE7AA"}],"bounds":{"lowerRight":{"x":325,"y":218},"upperLeft":{"x":225,"y":138}},"dockers":[]},{"resourceId":"sid-105C11DC-012E-49C1-870F-95147E4A85B0","properties":{"overrideid":"","name":"","documentation":"","conditionsequenceflow":"","executionlisteners":"","defaultflow":"false","skipexpression":""},"stencil":{"id":"SequenceFlow"},"childShapes":[],"outgoing":[{"resourceId":"sid-CDD583DD-CDCE-401C-8F5D-3A97D191ECEA"}],"bounds":{"lowerRight":{"x":224.625,"y":178},"upperLeft":{"x":130.375,"y":178}},"dockers":[{"x":15,"y":15},{"x":50,"y":40}],"target":{"resourceId":"sid-CDD583DD-CDCE-401C-8F5D-3A97D191ECEA"}},{"resourceId":"sid-1232A690-BBFB-4B9D-BFAB-FE8A68E7B42B","properties":{"overrideid":"","name":"","documentation":"","executionlisteners":""},"stencil":{"id":"EndNoneEvent"},"childShapes":[],"outgoing":[],"bounds":{"lowerRight":{"x":443,"y":192},"upperLeft":{"x":415,"y":164}},"dockers":[]},{"resourceId":"sid-D59CFB98-1E66-4091-8D3D-5FB18C9D2371","properties":{"overrideid":"","name":"","documentation":"","conditionsequenceflow":"","executionlisteners":"","defaultflow":"false","skipexpression":""},"stencil":{"id":"SequenceFlow"},"childShapes":[],"outgoing":[{"resourceId":"sid-1232A690-BBFB-4B9D-BFAB-FE8A68E7B42B"}],"bounds":{"lowerRight":{"x":414.765625,"y":178},"upperLeft":{"x":325.328125,"y":178}},"dockers":[{"x":50,"y":40},{"x":14,"y":14}],"target":{"resourceId":"sid-1232A690-BBFB-4B9D-BFAB-FE8A68E7B42B"}},{"resourceId":"sid-9F02016C-8487-42A4-AF67-6AEE1ECCE7AA","properties":{"overrideid":"","name":"","documentation":"","signalref":"fireAlarm","signalexpression":"","cancelactivity":true},"stencil":{"id":"BoundarySignalEvent"},"childShapes":[],"outgoing":[{"resourceId":"sid-EEEAD9F7-BCF7-4F7C-9EA5-CC376E4D951C"}],"bounds":{"lowerRight":{"x":291.585219333901,"y":233.15888979215902},"upperLeft":{"x":261.585219333901,"y":203.15888979215902}},"dockers":[{"x":51.5,"y":78}]},{"resourceId":"sid-2632FB3D-0FCF-401A-95CA-ABCE3CE941B3","properties":{"overrideid":"","name":"Lock loan in the safe","documentation":"","asynchronousdefinition":"false","exclusivedefinition":"false","executionlisteners":"","multiinstance_type":"None","multiinstance_variableaggregations":"","multiinstance_cardinality":"","multiinstance_collection":"","multiinstance_variable":"","multiinstance_condition":"","isforcompensation":"false","usertaskassignment":{"assignment":{"type":"idm","initiatorCanCompleteTask":true,"idm":{"type":"initiator"}}},"formkeydefinition":"","formreference":"","formfieldvalidation":true,"duedatedefinition":"","prioritydefinition":"","formproperties":"","tasklisteners":"","skipexpression":"","categorydefinition":"","taskidvariablename":""},"stencil":{"id":"UserTask"},"childShapes":[],"outgoing":[{"resourceId":"sid-679F3B35-871D-4CD0-B135-8DBE437BE8F5"}],"bounds":{"lowerRight":{"x":326.585219333901,"y":350},"upperLeft":{"x":226.58521933390102,"y":270}},"dockers":[]},{"resourceId":"sid-EEEAD9F7-BCF7-4F7C-9EA5-CC376E4D951C","properties":{"overrideid":"","name":"","documentation":"","conditionsequenceflow":"","executionlisteners":"","defaultflow":"false","skipexpression":""},"stencil":{"id":"SequenceFlow"},"childShapes":[],"outgoing":[{"resourceId":"sid-2632FB3D-0FCF-401A-95CA-ABCE3CE941B3"}],"bounds":{"lowerRight":{"x":276.585219333901,"y":269.5370229575683},"upperLeft":{"x":276.585219333901,"y":233.5090632621342}},"dockers":[{"x":15,"y":15},{"x":50,"y":40}],"target":{"resourceId":"sid-2632FB3D-0FCF-401A-95CA-ABCE3CE941B3"}},{"resourceId":"sid-48111907-AC44-4CE6-AF8A-9E2EFFCCED05","properties":{"overrideid":"","name":"","documentation":"","executionlisteners":""},"stencil":{"id":"EndNoneEvent"},"childShapes":[],"outgoing":[],"bounds":{"lowerRight":{"x":443,"y":324},"upperLeft":{"x":415,"y":296}},"dockers":[]},{"resourceId":"sid-679F3B35-871D-4CD0-B135-8DBE437BE8F5","properties":{"overrideid":"","name":"","documentation":"","conditionsequenceflow":"","executionlisteners":"","defaultflow":"false","skipexpression":""},"stencil":{"id":"SequenceFlow"},"childShapes":[],"outgoing":[{"resourceId":"sid-48111907-AC44-4CE6-AF8A-9E2EFFCCED05"}],"bounds":{"lowerRight":{"x":414.90185478650716,"y":310},"upperLeft":{"x":327.0009490029878,"y":310}},"dockers":[{"x":50,"y":40},{"x":14,"y":14}],"target":{"resourceId":"sid-48111907-AC44-4CE6-AF8A-9E2EFFCCED05"}}],"stencil":{"id":"BPMNDiagram"},"stencilset":{"namespace":"http://b3mn.org/stencilset/bpmn2.0#","url":"../editor/stencilsets/bpmn2.0/bpmn2.0.json"}}}