{"id":"36e8b21a-81a1-11ec-b2ff-0242ac130002","name":"Raise fire alarm","key":"raiseFireAlarm","description":"","editorJson":{"modelId":"36e8b21a-81a1-11ec-b2ff-0242ac130002","bounds":{"lowerRight":{"x":1200,"y":1050},"upperLeft":{"x":0,"y":0}},"properties":{"process_id":"raiseFireAlarm","name":"Raise fire alarm","documentation":"","process_author":"","process_version":"","process_namespace":"http://www.flowable.org/processdef","process_historylevel":"","isexecutable":true,"dataproperties":"","executionlisteners":"","eventlisteners":"","signaldefinitions":"[{\"id\":\"fireAlarm\",\"name\":\"Fire Alarm\",\"scope\":\"global\",\"$$hashKey\":\"uiGrid-002B\"}]","messagedefinitions":"","escalationdefinitions":"","process_potentialstarteruser":"","process_potentialstartergroup":"","iseagerexecutionfetch":"false"},"childShapes":[{"resourceId":"startEvent1","properties":{"overrideid":"","name":"","documentation":"","executionlisteners":"","initiator":"","formkeydefinition":"","formreference":"","formfieldvalidation":true,"formproperties":""},"stencil":{"id":"StartNoneEvent"},"childShapes":[],"outgoing":[{"resourceId":"sid-EF811C03-BA9E-4AF2-A604-809B224A3B2B"}],"bounds":{"lowerRight":{"x":130,"y":193},"upperLeft":{"x":100,"y":163}},"dockers":[]},{"resourceId":"sid-6E10F282-7FB5-4A29-9E91-7F01A83BC46A","properties":{"overrideid":"","name":"","documentation":"","executionlisteners":"","signalref":"fireAlarm","signalexpression":"","asynchronousdefinition":"false"},"stencil":{"id":"ThrowSignalEvent"},"childShapes":[],"outgoing":[{"resourceId":"sid-2237E2F8-A4B8-4BF6-A348-E47852EB93B6"}],"bounds":{"lowerRight":{"x":225,"y":193},"upperLeft":{"x":195,"y":163}},"dockers":[{"x":210,"y":178}]},{"resourceId":"sid-0CFAA2AD-A3B0-4FFF-9F38-EDE28646974F","properties":{"overrideid":"","name":"","documentation":"","executionlisteners":""},"stencil":{"id":"EndNoneEvent"},"childShapes":[],"outgoing":[],"bounds":{"lowerRight":{"x":328,"y":192},"upperLeft":{"x":300,"y":164}},"dockers":[]},{"resourceId":"sid-2237E2F8-A4B8-4BF6-A348-E47852EB93B6","properties":{"overrideid":"","name":"","documentation":"","conditionsequenceflow":"","executionlisteners":"","defaultflow":"false","skipexpression":""},"stencil":{"id":"SequenceFlow"},"childShapes":[],"outgoing":[{"resourceId":"sid-0CFAA2AD-A3B0-4FFF-9F38-EDE28646974F"}],"bounds":{"lowerRight":{"x":300,"y":178},"upperLeft":{"x":225.625,"y":178}},"dockers":[{"x":15,"y":15},{"x":14,"y":14}],"target":{"resourceId":"sid-0CFAA2AD-A3B0-4FFF-9F38-EDE28646974F"}},{"resourceId":"sid-EF811C03-BA9E-4AF2-A604-809B224A3B2B","properties":{"overrideid":"","name":"","documentation":"","conditionsequenceflow":"","executionlisteners":"","defaultflow":"false","skipexpression":""},"stencil":{"id":"SequenceFlow"},"childShapes":[],"outgoing":[{"resourceId":"sid-6E10F282-7FB5-4A29-9E91-7F01A83BC46A"}],"bounds":{"lowerRight":{"x":194.15625,"y":178},"upperLeft":{"x":130.84375,"y":178}},"dockers":[{"x":15,"y":15},{"x":15,"y":15}],"target":{"resourceId":"sid-6E10F282-7FB5-4A29-9E91-7F01A83BC46A"}}],"stencil":{"id":"BPMNDiagram"},"stencilset":{"namespace":"http://b3mn.org/stencilset/bpmn2.0#","url":"../editor/stencilsets/bpmn2.0/bpmn2.0.json"}}}