{"id":"4d29a8aa-81a7-11ec-b2ff-0242ac130002","name":"receiveAnswerProcess","key":"receiveAnswerProcess","description":"","editorJson":{"modelId":"4d29a8aa-81a7-11ec-b2ff-0242ac130002","bounds":{"lowerRight":{"x":1200,"y":1050},"upperLeft":{"x":0,"y":0}},"properties":{"process_id":"receiveAnswerProcess","name":"receiveAnswerProcess","documentation":"","process_author":"","process_version":"","process_namespace":"http://www.flowable.org/processdef","process_historylevel":"","isexecutable":true,"dataproperties":"","executionlisteners":"","eventlisteners":"","signaldefinitions":"","messagedefinitions":"[{\"id\":\"answerReceived\",\"name\":\"Answer Received\",\"$$hashKey\":\"uiGrid-0011\"}]","escalationdefinitions":"","process_potentialstarteruser":"","process_potentialstartergroup":"","iseagerexecutionfetch":"false"},"childShapes":[{"resourceId":"sid-012F477A-ECFF-4AE8-8D48-C8BA36FBE332","properties":{"overrideid":"","name":"","documentation":"","executionlisteners":"","initiator":"","formkeydefinition":"","formreference":"","formfieldvalidation":true,"formproperties":""},"stencil":{"id":"StartNoneEvent"},"childShapes":[],"outgoing":[{"resourceId":"sid-6BDF0C37-37EC-4B1D-BFDA-4B2C3CE11A99"}],"bounds":{"lowerRight":{"x":168.5,"y":160},"upperLeft":{"x":138.5,"y":130}},"dockers":[]},{"resourceId":"sid-EDB6282E-3F5A-4C39-9050-BA5D44AB3047","properties":{"scriptformat":"groovy","scripttext":"println \"sending request from execution $execution.id\"","overrideid":"sendRequest","name":"Send request","documentation":"","asynchronousdefinition":true,"exclusivedefinition":"false","executionlisteners":"","multiinstance_type":"None","multiinstance_variableaggregations":"","multiinstance_cardinality":"","multiinstance_collection":"","multiinstance_variable":"","multiinstance_condition":"","skipexpression":"","isforcompensation":"false","scriptautostorevariables":"false"},"stencil":{"id":"ScriptTask"},"childShapes":[],"outgoing":[{"resourceId":"sid-C23D2292-C100-49A9-8DEC-B04FC9BB5BC9"}],"bounds":{"lowerRight":{"x":340,"y":185},"upperLeft":{"x":240,"y":105}},"dockers":[]},{"resourceId":"sid-C23D2292-C100-49A9-8DEC-B04FC9BB5BC9","properties":{"overrideid":"","name":"","documentation":"","conditionsequenceflow":"","executionlisteners":"","defaultflow":"false","skipexpression":"","showdiamondmarker":false},"stencil":{"id":"SequenceFlow"},"childShapes":[],"outgoing":[{"resourceId":"sid-123A9E83-98D3-4189-97D9-0DE10B01714B"}],"bounds":{"lowerRight":{"x":434.625,"y":145},"upperLeft":{"x":341,"y":145}},"dockers":[{"x":50,"y":40},{"x":15,"y":15}],"target":{"resourceId":"sid-123A9E83-98D3-4189-97D9-0DE10B01714B"}},{"resourceId":"sid-A0270BA8-A0E7-49EE-B7C3-29224DB74F99","properties":{"overrideid":"","name":"","documentation":"","executionlisteners":""},"stencil":{"id":"EndNoneEvent"},"childShapes":[],"outgoing":[],"bounds":{"lowerRight":{"x":598,"y":159},"upperLeft":{"x":570,"y":131}},"dockers":[]},{"resourceId":"sid-4865AFF7-746B-42F6-BCD7-B3FC669BB012","properties":{"overrideid":"","name":"","documentation":"","conditionsequenceflow":"","executionlisteners":"","defaultflow":"false","skipexpression":"","showdiamondmarker":false},"stencil":{"id":"SequenceFlow"},"childShapes":[],"outgoing":[{"resourceId":"sid-A0270BA8-A0E7-49EE-B7C3-29224DB74F99"}],"bounds":{"lowerRight":{"x":569.1640625,"y":145},"upperLeft":{"x":465.41796875,"y":145}},"dockers":[{"x":22.5,"y":15},{"x":14,"y":14}],"target":{"resourceId":"sid-A0270BA8-A0E7-49EE-B7C3-29224DB74F99"}},{"resourceId":"sid-123A9E83-98D3-4189-97D9-0DE10B01714B","properties":{"overrideid":"receiveResponse","name":"Receive response","documentation":"","executionlisteners":"","messageref":"answerReceived","messageexpression":""},"stencil":{"id":"CatchMessageEvent"},"childShapes":[],"outgoing":[{"resourceId":"sid-4865AFF7-746B-42F6-BCD7-B3FC669BB012"}],"bounds":{"lowerRight":{"x":465,"y":160},"upperLeft":{"x":435,"y":130}},"dockers":[{"x":450,"y":145}]},{"resourceId":"sid-6BDF0C37-37EC-4B1D-BFDA-4B2C3CE11A99","properties":{"overrideid":"","name":"","documentation":"","conditionsequenceflow":"","executionlisteners":"","defaultflow":"false","skipexpression":""},"stencil":{"id":"SequenceFlow"},"childShapes":[],"outgoing":[{"resourceId":"sid-EDB6282E-3F5A-4C39-9050-BA5D44AB3047"}],"bounds":{"lowerRight":{"x":239.9453125,"y":145},"upperLeft":{"x":169.4296875,"y":145}},"dockers":[{"x":15,"y":15},{"x":50,"y":40}],"target":{"resourceId":"sid-EDB6282E-3F5A-4C39-9050-BA5D44AB3047"}}],"stencil":{"id":"BPMNDiagram"},"stencilset":{"namespace":"http://b3mn.org/stencilset/bpmn2.0#","url":"../editor/stencilsets/bpmn2.0/bpmn2.0.json"}}}