{"id":"e7511e59-81a6-11ec-b2ff-0242ac130002","name":"receiveMessageProcess","key":"receiveMessageProcess","description":"","editorJson":{"modelId":"e7511e59-81a6-11ec-b2ff-0242ac130002","bounds":{"lowerRight":{"x":1200,"y":1050},"upperLeft":{"x":0,"y":0}},"properties":{"process_id":"receiveMessageProcess","name":"receiveMessageProcess","documentation":"","process_author":"","process_version":"","process_namespace":"http://www.flowable.org/processdef","process_historylevel":"","isexecutable":true,"dataproperties":"","executionlisteners":"","eventlisteners":"","signaldefinitions":"","messagedefinitions":"[{\"id\":\"answerReceived\",\"name\":\"Answer received\",\"$$hashKey\":\"uiGrid-0009\"}]","escalationdefinitions":"","process_potentialstarteruser":"","process_potentialstartergroup":"","iseagerexecutionfetch":"false"},"childShapes":[{"resourceId":"sid-13298895-EA37-47A9-B785-1ADDE1540762","properties":{"overrideid":"","name":"","documentation":"","executionlisteners":"","messageref":"answerReceived","messageexpression":"","interrupting":true},"stencil":{"id":"StartMessageEvent"},"childShapes":[],"outgoing":[{"resourceId":"sid-D6867C5A-AED0-450D-B9E5-61FCD27C30AB"}],"bounds":{"lowerRight":{"x":130.75,"y":180},"upperLeft":{"x":100.25,"y":150}},"dockers":[]},{"resourceId":"sid-971BE9DA-3ECF-4BB1-893E-87D2EC9181CA","properties":{"overrideid":"","name":"Validate answer ","documentation":"","asynchronousdefinition":"false","exclusivedefinition":"false","executionlisteners":"","multiinstance_type":"None","multiinstance_variableaggregations":"","multiinstance_cardinality":"","multiinstance_collection":"","multiinstance_variable":"","multiinstance_condition":"","isforcompensation":"false","usertaskassignment":"","formkeydefinition":"","formreference":"","formfieldvalidation":true,"duedatedefinition":"","prioritydefinition":"","formproperties":"","tasklisteners":"","skipexpression":"","categorydefinition":"","taskidvariablename":""},"stencil":{"id":"UserTask"},"childShapes":[],"outgoing":[{"resourceId":"sid-EBC231BF-3EC2-4D71-B8B1-624CD3381F7B"}],"bounds":{"lowerRight":{"x":275.75,"y":205},"upperLeft":{"x":175.75,"y":125}},"dockers":[]},{"resourceId":"sid-D6867C5A-AED0-450D-B9E5-61FCD27C30AB","properties":{"overrideid":"","name":"","documentation":"","conditionsequenceflow":"","executionlisteners":"","defaultflow":"false","skipexpression":""},"stencil":{"id":"SequenceFlow"},"childShapes":[],"outgoing":[{"resourceId":"sid-971BE9DA-3ECF-4BB1-893E-87D2EC9181CA"}],"bounds":{"lowerRight":{"x":174.90625,"y":165},"upperLeft":{"x":131.359375,"y":165}},"dockers":[{"x":15.5,"y":15},{"x":50,"y":40}],"target":{"resourceId":"sid-971BE9DA-3ECF-4BB1-893E-87D2EC9181CA"}},{"resourceId":"sid-A5F667A4-71C7-4958-8C4A-284C11AA759E","properties":{"overrideid":"","name":"","documentation":"","executionlisteners":""},"stencil":{"id":"EndNoneEvent"},"childShapes":[],"outgoing":[],"bounds":{"lowerRight":{"x":348.75,"y":179},"upperLeft":{"x":320.75,"y":151}},"dockers":[]},{"resourceId":"sid-EBC231BF-3EC2-4D71-B8B1-624CD3381F7B","properties":{"overrideid":"","name":"","documentation":"","conditionsequenceflow":"","executionlisteners":"","defaultflow":"false","skipexpression":""},"stencil":{"id":"SequenceFlow"},"childShapes":[],"outgoing":[{"resourceId":"sid-A5F667A4-71C7-4958-8C4A-284C11AA759E"}],"bounds":{"lowerRight":{"x":320.125,"y":165},"upperLeft":{"x":276.140625,"y":165}},"dockers":[{"x":50,"y":40},{"x":14,"y":14}],"target":{"resourceId":"sid-A5F667A4-71C7-4958-8C4A-284C11AA759E"}}],"stencil":{"id":"BPMNDiagram"},"stencilset":{"namespace":"http://b3mn.org/stencilset/bpmn2.0#","url":"../editor/stencilsets/bpmn2.0/bpmn2.0.json"}}}