{"id":"1e7eab05-812a-11ec-b988-0242ac130002","name":"TimersProcess","key":"timersProcess","description":"","editorJson":{"modelId":"1e7eab05-812a-11ec-b988-0242ac130002","bounds":{"lowerRight":{"x":1200,"y":1050},"upperLeft":{"x":0,"y":0}},"properties":{"process_id":"timersProcess","name":"TimersProcess","documentation":"","process_author":"","process_version":"","process_namespace":"http://www.flowable.org/processdef","process_historylevel":"","isexecutable":true,"dataproperties":"","executionlisteners":"","eventlisteners":"","signaldefinitions":"","messagedefinitions":"","escalationdefinitions":"","process_potentialstarteruser":"","process_potentialstartergroup":"","iseagerexecutionfetch":"false"},"childShapes":[{"resourceId":"sid-828C5B8C-7DA2-49E0-B309-FD58C729A183","properties":{"overrideid":"","name":"","documentation":"","executionlisteners":"","timercycledefinition":"R3/PT10S","timerdatedefinition":"","timerdurationdefinition":""},"stencil":{"id":"StartTimerEvent"},"childShapes":[],"outgoing":[{"resourceId":"sid-F4AC0555-A5E2-47D1-8CE7-942696F2C091"}],"bounds":{"lowerRight":{"x":151,"y":196},"upperLeft":{"x":120,"y":165}},"dockers":[]},{"resourceId":"sid-974EA7EB-6DA9-4EF4-9C92-FDA610433E24","properties":{"overrideid":"","name":"User task 1","documentation":"","asynchronousdefinition":"false","exclusivedefinition":"false","executionlisteners":"","multiinstance_type":"None","multiinstance_variableaggregations":"","multiinstance_cardinality":"","multiinstance_collection":"","multiinstance_variable":"","multiinstance_condition":"","isforcompensation":"false","usertaskassignment":"","formkeydefinition":"","formreference":"","formfieldvalidation":true,"duedatedefinition":"","prioritydefinition":"","formproperties":"","tasklisteners":"","skipexpression":"","categorydefinition":"","taskidvariablename":""},"stencil":{"id":"UserTask"},"childShapes":[],"outgoing":[{"resourceId":"sid-5C486F5D-AF9A-4D66-A2D4-A2C61F27F899"}],"bounds":{"lowerRight":{"x":295,"y":220.5},"upperLeft":{"x":195,"y":140.5}},"dockers":[]},{"resourceId":"sid-F4AC0555-A5E2-47D1-8CE7-942696F2C091","properties":{"overrideid":"","name":"","documentation":"","conditionsequenceflow":"","executionlisteners":"","defaultflow":"false","skipexpression":""},"stencil":{"id":"SequenceFlow"},"childShapes":[],"outgoing":[{"resourceId":"sid-974EA7EB-6DA9-4EF4-9C92-FDA610433E24"}],"bounds":{"lowerRight":{"x":194.60938552083388,"y":180.9290066422974},"upperLeft":{"x":151.47655197916612,"y":180.7311496077026}},"dockers":[{"x":16,"y":16},{"x":50,"y":40}],"target":{"resourceId":"sid-974EA7EB-6DA9-4EF4-9C92-FDA610433E24"}},{"resourceId":"sid-E8EFBACF-54EC-48D3-8C5B-D192A1E84F70","properties":{"overrideid":"","name":"User task 2","documentation":"","asynchronousdefinition":"false","exclusivedefinition":"false","executionlisteners":"","multiinstance_type":"None","multiinstance_variableaggregations":"","multiinstance_cardinality":"","multiinstance_collection":"","multiinstance_variable":"","multiinstance_condition":"","isforcompensation":"false","usertaskassignment":"","formkeydefinition":"","formreference":"","formfieldvalidation":true,"duedatedefinition":"","prioritydefinition":"","formproperties":"","tasklisteners":"","skipexpression":"","categorydefinition":"","taskidvariablename":""},"stencil":{"id":"UserTask"},"childShapes":[],"outgoing":[{"resourceId":"sid-FBEBEF6F-3649-4597-87D4-6BCB6B00AFF6"},{"resourceId":"sid-C3A88835-752E-4A0C-81E8-6F7E1E6011A9"}],"bounds":{"lowerRight":{"x":580,"y":220.5},"upperLeft":{"x":480,"y":140.5}},"dockers":[]},{"resourceId":"sid-DF228EFB-E6CA-4FE8-9FBA-71B2D85DF27C","properties":{"overrideid":"","name":"","documentation":"","executionlisteners":""},"stencil":{"id":"EndNoneEvent"},"childShapes":[],"outgoing":[],"bounds":{"lowerRight":{"x":655.6410925402869,"y":194.5},"upperLeft":{"x":627.6410925402869,"y":166.5}},"dockers":[]},{"resourceId":"sid-FBEBEF6F-3649-4597-87D4-6BCB6B00AFF6","properties":{"overrideid":"","name":"","documentation":"","conditionsequenceflow":"","executionlisteners":"","defaultflow":"false","skipexpression":""},"stencil":{"id":"SequenceFlow"},"childShapes":[],"outgoing":[{"resourceId":"sid-DF228EFB-E6CA-4FE8-9FBA-71B2D85DF27C"}],"bounds":{"lowerRight":{"x":626.6859559727511,"y":180.5},"upperLeft":{"x":580.7151740218465,"y":180.5}},"dockers":[{"x":50,"y":40},{"x":14,"y":14}],"target":{"resourceId":"sid-DF228EFB-E6CA-4FE8-9FBA-71B2D85DF27C"}},{"resourceId":"sid-BD86661B-3165-4439-AC5A-48AAEA1340EA","properties":{"overrideid":"","name":"","documentation":"","executionlisteners":"","timercycledefinition":"","timerdatedefinition":"","timerdurationdefinition":"PT1H"},"stencil":{"id":"CatchTimerEvent"},"childShapes":[],"outgoing":[{"resourceId":"sid-6F575D63-D7D8-40BB-ABB1-E83F8917499B"}],"bounds":{"lowerRight":{"x":391,"y":196},"upperLeft":{"x":360,"y":165}},"dockers":[{"x":375.5,"y":180.5}]},{"resourceId":"sid-5C486F5D-AF9A-4D66-A2D4-A2C61F27F899","properties":{"overrideid":"","name":"","documentation":"","conditionsequenceflow":"","executionlisteners":"","defaultflow":"false","skipexpression":"","showdiamondmarker":false},"stencil":{"id":"SequenceFlow"},"childShapes":[],"outgoing":[{"resourceId":"sid-BD86661B-3165-4439-AC5A-48AAEA1340EA"}],"bounds":{"lowerRight":{"x":360.67188228387823,"y":180.94149573390794},"upperLeft":{"x":295.12499271612177,"y":180.69131676609206}},"dockers":[{"x":50,"y":40},{"x":16,"y":16}],"target":{"resourceId":"sid-BD86661B-3165-4439-AC5A-48AAEA1340EA"}},{"resourceId":"sid-6F575D63-D7D8-40BB-ABB1-E83F8917499B","properties":{"overrideid":"","name":"","documentation":"","conditionsequenceflow":"","executionlisteners":"","defaultflow":"false","skipexpression":""},"stencil":{"id":"SequenceFlow"},"childShapes":[],"outgoing":[{"resourceId":"sid-E8EFBACF-54EC-48D3-8C5B-D192A1E84F70"}],"bounds":{"lowerRight":{"x":479.67188027066163,"y":180.9498782638658},"upperLeft":{"x":391.43749472933837,"y":180.6634029861342}},"dockers":[{"x":16,"y":16},{"x":50,"y":40}],"target":{"resourceId":"sid-E8EFBACF-54EC-48D3-8C5B-D192A1E84F70"}},{"resourceId":"sid-C3A88835-752E-4A0C-81E8-6F7E1E6011A9","properties":{"overrideid":"","name":"","documentation":"","executionlisteners":"","timercycledefinition":"","timerdatedefinition":"","timerdurationdefinition":"PT1H","timerenddatedefinition":"","cancelactivity":true},"stencil":{"id":"BoundaryTimerEvent"},"childShapes":[],"outgoing":[{"resourceId":"sid-76BD9ACB-080D-47EE-B435-B326461914C3"}],"bounds":{"lowerRight":{"x":548.1410925402869,"y":236.67282512041731},"upperLeft":{"x":517.1410925402869,"y":205.67282512041731}},"dockers":[{"x":52.5,"y":78.5}]},{"resourceId":"sid-61B9C73E-F692-42F3-856E-05226A6C9485","properties":{"overrideid":"escalationTask","name":"Escalation","documentation":"","asynchronousdefinition":"false","exclusivedefinition":"false","executionlisteners":"","multiinstance_type":"None","multiinstance_variableaggregations":"","multiinstance_cardinality":"","multiinstance_collection":"","multiinstance_variable":"","multiinstance_condition":"","isforcompensation":"false","usertaskassignment":{"assignment":{"type":"idm","initiatorCanCompleteTask":true,"idm":{"type":"initiator"}}},"formkeydefinition":"","formreference":"","formfieldvalidation":true,"duedatedefinition":"","prioritydefinition":"","formproperties":"","tasklisteners":"","skipexpression":"","categorydefinition":"","taskidvariablename":""},"stencil":{"id":"UserTask"},"childShapes":[],"outgoing":[{"resourceId":"sid-427046C4-015C-4244-A6B4-731B6CE854C0"}],"bounds":{"lowerRight":{"x":582.6410925402869,"y":365},"upperLeft":{"x":482.6410925402869,"y":285}},"dockers":[]},{"resourceId":"sid-76BD9ACB-080D-47EE-B435-B326461914C3","properties":{"overrideid":"","name":"","documentation":"","conditionsequenceflow":"","executionlisteners":"","defaultflow":"false","skipexpression":""},"stencil":{"id":"SequenceFlow"},"childShapes":[],"outgoing":[{"resourceId":"sid-61B9C73E-F692-42F3-856E-05226A6C9485"}],"bounds":{"lowerRight":{"x":533.0659410988688,"y":284.44507757415533},"upperLeft":{"x":532.8373377317049,"y":237.20319738011307}},"dockers":[{"x":16,"y":16},{"x":50,"y":40}],"target":{"resourceId":"sid-61B9C73E-F692-42F3-856E-05226A6C9485"}},{"resourceId":"sid-CF9CAB1F-2727-49CE-A566-4F31F9B0227F","properties":{"overrideid":"escalationEnd","name":"","documentation":"","executionlisteners":""},"stencil":{"id":"EndNoneEvent"},"childShapes":[],"outgoing":[],"bounds":{"lowerRight":{"x":655.6410925402869,"y":339},"upperLeft":{"x":627.6410925402869,"y":311}},"dockers":[]},{"resourceId":"sid-427046C4-015C-4244-A6B4-731B6CE854C0","properties":{"overrideid":"","name":"","documentation":"","conditionsequenceflow":"","executionlisteners":"","defaultflow":"false","skipexpression":""},"stencil":{"id":"SequenceFlow"},"childShapes":[],"outgoing":[{"resourceId":"sid-CF9CAB1F-2727-49CE-A566-4F31F9B0227F"}],"bounds":{"lowerRight":{"x":627.0160925402869,"y":325},"upperLeft":{"x":583.0317175402869,"y":325}},"dockers":[{"x":50,"y":40},{"x":14,"y":14}],"target":{"resourceId":"sid-CF9CAB1F-2727-49CE-A566-4F31F9B0227F"}}],"stencil":{"id":"BPMNDiagram"},"stencilset":{"namespace":"http://b3mn.org/stencilset/bpmn2.0#","url":"../editor/stencilsets/bpmn2.0/bpmn2.0.json"}}}