{"id":"823503b3-7abe-11ec-a05d-0242ac130002","name":"oneTask Process","key":"oneTaskProcess","description":"","editorJson":{"modelId":"823503b3-7abe-11ec-a05d-0242ac130002","bounds":{"lowerRight":{"x":1200,"y":1050},"upperLeft":{"x":0,"y":0}},"properties":{"process_id":"oneTaskProcess","name":"oneTask Process","documentation":"","process_author":"","process_version":"","process_namespace":"http://www.flowable.org/processdef","process_historylevel":"","isexecutable":true,"dataproperties":"","executionlisteners":"","eventlisteners":"","signaldefinitions":"","messagedefinitions":"","escalationdefinitions":"","process_potentialstarteruser":"","process_potentialstartergroup":"","iseagerexecutionfetch":"false"},"childShapes":[{"resourceId":"startEvent1","properties":{"overrideid":"","name":"","documentation":"","executionlisteners":"","initiator":"","formkeydefinition":"","formreference":"","formfieldvalidation":true,"formproperties":""},"stencil":{"id":"StartNoneEvent"},"childShapes":[],"outgoing":[{"resourceId":"sid-600F34E1-EA58-4B87-887E-C0D6D97949CB"}],"bounds":{"lowerRight":{"x":130,"y":193},"upperLeft":{"x":100,"y":163}},"dockers":[]},{"resourceId":"sid-B56FA2F6-0EE7-4DA4-8BDF-F1D3E62DFAED","properties":{"overrideid":"","name":" New task","documentation":"","asynchronousdefinition":"false","exclusivedefinition":"false","executionlisteners":"","multiinstance_type":"None","multiinstance_variableaggregations":"","multiinstance_cardinality":"","multiinstance_collection":"","multiinstance_variable":"","multiinstance_condition":"","isforcompensation":"false","usertaskassignment":{"assignment":{"type":"idm","initiatorCanCompleteTask":true,"idm":{"type":"initiator"}}},"formkeydefinition":"","formreference":"","formfieldvalidation":true,"duedatedefinition":"","prioritydefinition":"","formproperties":"","tasklisteners":"","skipexpression":"","categorydefinition":"","taskidvariablename":""},"stencil":{"id":"UserTask"},"childShapes":[],"outgoing":[{"resourceId":"sid-7802951D-3DA8-4E7F-ACD6-48DB939D454D"}],"bounds":{"lowerRight":{"x":280,"y":215},"upperLeft":{"x":180,"y":135}},"dockers":[]},{"resourceId":"sid-600F34E1-EA58-4B87-887E-C0D6D97949CB","properties":{"overrideid":"","name":"","documentation":"","conditionsequenceflow":"","executionlisteners":"","defaultflow":"false","skipexpression":""},"stencil":{"id":"SequenceFlow"},"childShapes":[],"outgoing":[{"resourceId":"sid-B56FA2F6-0EE7-4DA4-8BDF-F1D3E62DFAED"}],"bounds":{"lowerRight":{"x":179.58627759107867,"y":177.59892191541945},"upperLeft":{"x":130.37465990892133,"y":176.31514058458055}},"dockers":[{"x":15,"y":15},{"x":50,"y":40}],"target":{"resourceId":"sid-B56FA2F6-0EE7-4DA4-8BDF-F1D3E62DFAED"}},{"resourceId":"sid-3E2C289C-FC5A-4DF8-B48C-9DD9990AB46A","properties":{"overrideid":"","name":"","documentation":"","executionlisteners":""},"stencil":{"id":"EndNoneEvent"},"childShapes":[],"outgoing":[],"bounds":{"lowerRight":{"x":348,"y":189},"upperLeft":{"x":320,"y":161}},"dockers":[]},{"resourceId":"sid-7802951D-3DA8-4E7F-ACD6-48DB939D454D","properties":{"overrideid":"","name":"","documentation":"","conditionsequenceflow":"","executionlisteners":"","defaultflow":"false","skipexpression":""},"stencil":{"id":"SequenceFlow"},"childShapes":[],"outgoing":[{"resourceId":"sid-3E2C289C-FC5A-4DF8-B48C-9DD9990AB46A"}],"bounds":{"lowerRight":{"x":320,"y":175},"upperLeft":{"x":280.5625,"y":175}},"dockers":[{"x":50,"y":40},{"x":14,"y":14}],"target":{"resourceId":"sid-3E2C289C-FC5A-4DF8-B48C-9DD9990AB46A"}}],"stencil":{"id":"BPMNDiagram"},"stencilset":{"namespace":"http://b3mn.org/stencilset/bpmn2.0#","url":"../editor/stencilsets/bpmn2.0/bpmn2.0.json"}}}