{"id":"f4758326-7863-11ec-b227-0242ac130003","name":"Start - End process","key":"startEndEvent","description":"","editorJson":{"modelId":"f4758326-7863-11ec-b227-0242ac130003","bounds":{"lowerRight":{"x":1200,"y":1050},"upperLeft":{"x":0,"y":0}},"properties":{"process_id":"startEndEvent","name":"Start - End process","documentation":"","process_author":"","process_version":"","process_namespace":"http://www.flowable.org/processdef","process_historylevel":"","isexecutable":true,"dataproperties":"","executionlisteners":"","eventlisteners":"","signaldefinitions":"","messagedefinitions":"","escalationdefinitions":"","process_potentialstarteruser":"","process_potentialstartergroup":"","iseagerexecutionfetch":"false"},"childShapes":[{"resourceId":"startEvent1","properties":{"overrideid":"","name":"","documentation":"","executionlisteners":"","initiator":"","formkeydefinition":"","formreference":"","formfieldvalidation":true,"formproperties":""},"stencil":{"id":"StartNoneEvent"},"childShapes":[],"outgoing":[{"resourceId":"sid-3D3F9099-0228-4C4F-B5CB-FAC658032888"}],"bounds":{"lowerRight":{"x":130,"y":193},"upperLeft":{"x":100,"y":163}},"dockers":[]},{"resourceId":"sid-51236F08-9638-45EC-91D9-7B31CD4DE44E","properties":{"overrideid":"","name":"","documentation":"","executionlisteners":""},"stencil":{"id":"EndNoneEvent"},"childShapes":[],"outgoing":[],"bounds":{"lowerRight":{"x":203,"y":192},"upperLeft":{"x":175,"y":164}},"dockers":[]},{"resourceId":"sid-3D3F9099-0228-4C4F-B5CB-FAC658032888","properties":{"overrideid":"","name":"","documentation":"","conditionsequenceflow":"","executionlisteners":"","defaultflow":"false","skipexpression":""},"stencil":{"id":"SequenceFlow"},"childShapes":[],"outgoing":[{"resourceId":"sid-51236F08-9638-45EC-91D9-7B31CD4DE44E"}],"bounds":{"lowerRight":{"x":174.125,"y":178},"upperLeft":{"x":130.453125,"y":178}},"dockers":[{"x":15,"y":15},{"x":14,"y":14}],"target":{"resourceId":"sid-51236F08-9638-45EC-91D9-7B31CD4DE44E"}}],"stencil":{"id":"BPMNDiagram"},"stencilset":{"namespace":"http://b3mn.org/stencilset/bpmn2.0#","url":"../editor/stencilsets/bpmn2.0/bpmn2.0.json"},"name":"Start - End process","key":"startEndEvent"}}