{"id":"1f4d7aeb-7c97-11ec-ac49-0242ac130002","name":"Service task process","key":"serviceTaskProcess","description":"","editorJson":{"modelId":"1f4d7aeb-7c97-11ec-ac49-0242ac130002","bounds":{"lowerRight":{"x":1200,"y":1050},"upperLeft":{"x":0,"y":0}},"properties":{"process_id":"serviceTaskProcess","name":"Service task process","documentation":"","process_author":"","process_version":"","process_namespace":"http://www.flowable.org/processdef","process_historylevel":"","isexecutable":true,"dataproperties":"","executionlisteners":"","eventlisteners":"","signaldefinitions":"","messagedefinitions":"","escalationdefinitions":"","process_potentialstarteruser":"","process_potentialstartergroup":"","iseagerexecutionfetch":"false"},"childShapes":[{"resourceId":"startEvent1","properties":{"overrideid":"start","name":"","documentation":"","executionlisteners":"","initiator":"","formkeydefinition":"","formreference":{"id":"7348646c-7c98-11ec-ac49-0242ac130002","name":"Counter form","key":"counterForm"},"formfieldvalidation":true,"formproperties":""},"stencil":{"id":"StartNoneEvent"},"childShapes":[],"outgoing":[{"resourceId":"sid-3B9AF74B-1632-424B-8709-63F3CA5F8D07"}],"bounds":{"lowerRight":{"x":165,"y":193},"upperLeft":{"x":135,"y":163}},"dockers":[]},{"resourceId":"sid-C5CF28C8-253B-4F08-88B2-CFBA8F9189E1","properties":{"overrideid":"serviceTaskEspression","name":"Expression","documentation":"","asynchronousdefinition":"false","exclusivedefinition":"false","servicetasktriggerable":"false","executionlisteners":"","multiinstance_type":"None","multiinstance_variableaggregations":"","multiinstance_cardinality":"","multiinstance_collection":"","multiinstance_variable":"","multiinstance_condition":"","isforcompensation":"false","servicetaskclass":"","servicetaskexpression":"${execution.setVariable('counter', counter+1)}","servicetaskdelegateexpression":"","servicetaskfields":"","servicetaskexceptions":"","servicetaskresultvariable":"","servicetaskuselocalscopeforresultvariable":"false","skipexpression":"","servicetaskfailedjobretrytimecycle":"","servicetaskstoreresultvariabletransient":"false"},"stencil":{"id":"ServiceTask"},"childShapes":[],"outgoing":[{"resourceId":"sid-2F3BFA6A-B921-48E2-BFF9-FDBCECCB3D66"}],"bounds":{"lowerRight":{"x":325,"y":218},"upperLeft":{"x":225,"y":138}},"dockers":[]},{"resourceId":"sid-0DE8A9EB-FBD6-4EB2-A904-C850DA349C0D","properties":{"overrideid":"end","name":"","documentation":"","executionlisteners":""},"stencil":{"id":"EndNoneEvent"},"childShapes":[],"outgoing":[],"bounds":{"lowerRight":{"x":613,"y":192},"upperLeft":{"x":585,"y":164}},"dockers":[]},{"resourceId":"sid-2F3BFA6A-B921-48E2-BFF9-FDBCECCB3D66","properties":{"overrideid":"","name":"","documentation":"","conditionsequenceflow":"","executionlisteners":"","defaultflow":"false","skipexpression":"","showdiamondmarker":false},"stencil":{"id":"SequenceFlow"},"childShapes":[],"outgoing":[{"resourceId":"sid-45EEBA50-0D45-402D-9E99-5A4285557BAC"}],"bounds":{"lowerRight":{"x":404.78125,"y":178},"upperLeft":{"x":325.21875,"y":178}},"dockers":[{"x":50,"y":40},{"x":50,"y":40}],"target":{"resourceId":"sid-45EEBA50-0D45-402D-9E99-5A4285557BAC"}},{"resourceId":"sid-3B9AF74B-1632-424B-8709-63F3CA5F8D07","properties":{"overrideid":"","name":"","documentation":"","conditionsequenceflow":"","executionlisteners":"","defaultflow":"false","skipexpression":""},"stencil":{"id":"SequenceFlow"},"childShapes":[],"outgoing":[{"resourceId":"sid-C5CF28C8-253B-4F08-88B2-CFBA8F9189E1"}],"bounds":{"lowerRight":{"x":224.1953125,"y":178},"upperLeft":{"x":165.6484375,"y":178}},"dockers":[{"x":15,"y":15},{"x":50,"y":40}],"target":{"resourceId":"sid-C5CF28C8-253B-4F08-88B2-CFBA8F9189E1"}},{"resourceId":"sid-45EEBA50-0D45-402D-9E99-5A4285557BAC","properties":{"overrideid":"classDelegate","name":"Class delegate","documentation":"","asynchronousdefinition":"false","exclusivedefinition":"false","servicetasktriggerable":"false","executionlisteners":"","multiinstance_type":"None","multiinstance_variableaggregations":"","multiinstance_cardinality":"","multiinstance_collection":"","multiinstance_variable":"","multiinstance_condition":"","isforcompensation":"false","servicetaskclass":"org.crp.training.delegate.IncreaseCounterJavaDelegate","servicetaskexpression":"","servicetaskdelegateexpression":"","servicetaskfields":"","servicetaskexceptions":"","servicetaskresultvariable":"","servicetaskuselocalscopeforresultvariable":"false","skipexpression":"","servicetaskfailedjobretrytimecycle":"","servicetaskstoreresultvariabletransient":"false"},"stencil":{"id":"ServiceTask"},"childShapes":[],"outgoing":[{"resourceId":"sid-8FF3ADAB-D1E6-4DC5-B2D7-F3ACC006E5E1"}],"bounds":{"lowerRight":{"x":505,"y":218},"upperLeft":{"x":405,"y":138}},"dockers":[]},{"resourceId":"sid-8FF3ADAB-D1E6-4DC5-B2D7-F3ACC006E5E1","properties":{"overrideid":"","name":"","documentation":"","conditionsequenceflow":"","executionlisteners":"","defaultflow":"false","skipexpression":""},"stencil":{"id":"SequenceFlow"},"childShapes":[],"outgoing":[{"resourceId":"sid-0DE8A9EB-FBD6-4EB2-A904-C850DA349C0D"}],"bounds":{"lowerRight":{"x":584.5,"y":178},"upperLeft":{"x":505.5,"y":178}},"dockers":[{"x":50,"y":40},{"x":14,"y":14}],"target":{"resourceId":"sid-0DE8A9EB-FBD6-4EB2-A904-C850DA349C0D"}}],"stencil":{"id":"BPMNDiagram"},"stencilset":{"namespace":"http://b3mn.org/stencilset/bpmn2.0#","url":"../editor/stencilsets/bpmn2.0/bpmn2.0.json"}}}