{"id":"c06e7397-8130-11ec-b988-0242ac130002","name":"08-signal-and-messages","key":"signalsAndMessagesApp","description":"","editorJson":{"models":[{"id":"4d29a8aa-81a7-11ec-b2ff-0242ac130002","name":"receiveAnswerProcess","version":1,"modelType":0,"description":"","stencilSetId":null,"createdBy":"admin","lastUpdatedBy":"admin","lastUpdated":"2022-01-30T08:44:48.658+00:00"},{"id":"e7511e59-81a6-11ec-b2ff-0242ac130002","name":"receiveMessageProcess","version":1,"modelType":0,"description":"","stencilSetId":null,"createdBy":"admin","lastUpdatedBy":"admin","lastUpdated":"2022-01-30T08:33:09.467+00:00"},{"id":"f7a9bf49-81a0-11ec-b2ff-0242ac130002","name":"Call fire fighters","version":1,"modelType":0,"description":"","stencilSetId":null,"createdBy":"admin","lastUpdatedBy":"admin","lastUpdated":"2022-01-30T08:14:23.477+00:00"},{"id":"2f568588-8132-11ec-b988-0242ac130002","name":"callEmergencyProcess","version":1,"modelType":0,"description":"","stencilSetId":null,"createdBy":"admin","lastUpdatedBy":"admin","lastUpdated":"2022-01-30T08:13:57.557+00:00"},{"id":"8c8d5433-81a2-11ec-b2ff-0242ac130002","name":"One task process with signal","version":1,"modelType":0,"description":"","stencilSetId":null,"createdBy":"admin","lastUpdatedBy":"admin","lastUpdated":"2022-01-30T08:09:59.858+00:00"},{"id":"36e8b21a-81a1-11ec-b2ff-0242ac130002","name":"Raise fire alarm","version":1,"modelType":0,"description":"","stencilSetId":null,"createdBy":"admin","lastUpdatedBy":"admin","lastUpdated":"2022-01-30T07:51:50.648+00:00"}],"theme":"theme-1","icon":"glyphicon-asterisk"}}