{"id":"1b551eb2-81f0-11ec-b2ff-0242ac130002","name":"sendMail","key":"sendMail","description":"","editorJson":{"modelId":"1b551eb2-81f0-11ec-b2ff-0242ac130002","bounds":{"lowerRight":{"x":1200,"y":1050},"upperLeft":{"x":0,"y":0}},"properties":{"process_id":"sendMail","name":"sendMail","documentation":"","process_author":"","process_version":"","process_namespace":"http://www.flowable.org/processdef","process_historylevel":"","isexecutable":true,"dataproperties":"","executionlisteners":"","eventlisteners":"","signaldefinitions":"","messagedefinitions":"","escalationdefinitions":"","process_potentialstarteruser":"","process_potentialstartergroup":"","iseagerexecutionfetch":"false"},"childShapes":[{"resourceId":"startEvent1","properties":{"overrideid":"start","name":"","documentation":"","executionlisteners":"","initiator":"","formkeydefinition":"","formreference":"","formfieldvalidation":true,"formproperties":""},"stencil":{"id":"StartNoneEvent"},"childShapes":[],"outgoing":[{"resourceId":"sid-C3552183-0A78-446E-80E4-946E6530E7DA"}],"bounds":{"lowerRight":{"x":130,"y":193},"upperLeft":{"x":100,"y":163}},"dockers":[]},{"resourceId":"sid-36449A51-4925-4F7C-836E-8A735DB7CAF7","properties":{"overrideid":"sendMailTask","name":"sendMail\n","documentation":"","asynchronousdefinition":"false","exclusivedefinition":"false","executionlisteners":"","multiinstance_type":"None","multiinstance_variableaggregations":"","multiinstance_cardinality":"","multiinstance_collection":"","multiinstance_variable":"","multiinstance_condition":"","isforcompensation":"false","mailtaskheaders":"","mailtaskto":"${wrong.expression()}","mailtaskfrom":"no-reply@test.com","mailtasksubject":"Test mail subject","mailtaskcc":"","mailtaskbcc":"","mailtasktext":"email text","mailtasktextvar":"","mailtaskhtml":"","mailtaskhtmlvar":"","mailtaskcharset":""},"stencil":{"id":"MailTask"},"childShapes":[],"outgoing":[{"resourceId":"sid-4F8B7234-A5D2-43F0-ACD7-705124A98E50"}],"bounds":{"lowerRight":{"x":310,"y":218},"upperLeft":{"x":210,"y":138}},"dockers":[]},{"resourceId":"sid-5B18771E-4AB0-4811-9D86-A3E36C60E4F9","properties":{"overrideid":"end","name":"","documentation":"","executionlisteners":""},"stencil":{"id":"EndNoneEvent"},"childShapes":[],"outgoing":[],"bounds":{"lowerRight":{"x":411.5,"y":192},"upperLeft":{"x":383.5,"y":164}},"dockers":[]},{"resourceId":"sid-4F8B7234-A5D2-43F0-ACD7-705124A98E50","properties":{"overrideid":"","name":"","documentation":"","conditionsequenceflow":"","executionlisteners":"","defaultflow":"false","skipexpression":""},"stencil":{"id":"SequenceFlow"},"childShapes":[],"outgoing":[{"resourceId":"sid-5B18771E-4AB0-4811-9D86-A3E36C60E4F9"}],"bounds":{"lowerRight":{"x":382.53515625,"y":178},"upperLeft":{"x":310.4140625,"y":178}},"dockers":[{"x":50,"y":40},{"x":14,"y":14}],"target":{"resourceId":"sid-5B18771E-4AB0-4811-9D86-A3E36C60E4F9"}},{"resourceId":"sid-C3552183-0A78-446E-80E4-946E6530E7DA","properties":{"overrideid":"","name":"","documentation":"","conditionsequenceflow":"","executionlisteners":"","defaultflow":"false","skipexpression":""},"stencil":{"id":"SequenceFlow"},"childShapes":[],"outgoing":[{"resourceId":"sid-36449A51-4925-4F7C-836E-8A735DB7CAF7"}],"bounds":{"lowerRight":{"x":209.15625,"y":178},"upperLeft":{"x":130.7265625,"y":178}},"dockers":[{"x":15,"y":15},{"x":50,"y":40}],"target":{"resourceId":"sid-36449A51-4925-4F7C-836E-8A735DB7CAF7"}}],"stencil":{"id":"BPMNDiagram"},"stencilset":{"namespace":"http://b3mn.org/stencilset/bpmn2.0#","url":"../editor/stencilsets/bpmn2.0/bpmn2.0.json"}}}