{"id":"cd255c9e-80e0-11ec-a633-0242ac130002","name":"OneTaskListenersProcess","key":"oneTasksListenersProcess","description":"","editorJson":{"modelId":"cd255c9e-80e0-11ec-a633-0242ac130002","bounds":{"lowerRight":{"x":1200,"y":1050},"upperLeft":{"x":0,"y":0}},"properties":{"process_id":"oneTasksListenersProcess","name":"OneTaskListenersProcess","documentation":"","process_author":"","process_version":"","process_namespace":"http://www.flowable.org/processdef","process_historylevel":"","isexecutable":true,"dataproperties":"","executionlisteners":"","eventlisteners":"null","signaldefinitions":"","messagedefinitions":"","escalationdefinitions":"","process_potentialstarteruser":"","process_potentialstartergroup":"","iseagerexecutionfetch":"false"},"childShapes":[{"resourceId":"startEvent1","properties":{"overrideid":"startEvent","name":"","documentation":"","executionlisteners":{"executionListeners":[{"event":"end","implementation":"${execution.setVariable('listenerVariable', 'Hello World!')}","className":"","expression":"${execution.setVariable('listenerVariable', 'Hello World!')}","delegateExpression":"","fields":[],"$$hashKey":"uiGrid-000D"}]},"initiator":"","formkeydefinition":"","formreference":"","formfieldvalidation":true,"formproperties":""},"stencil":{"id":"StartNoneEvent"},"childShapes":[],"outgoing":[{"resourceId":"sid-46486FAD-66BC-44A3-9038-717AD72CC45F"}],"bounds":{"lowerRight":{"x":130,"y":193},"upperLeft":{"x":100,"y":163}},"dockers":[]},{"resourceId":"sid-7971092A-1DE9-4C9E-B195-1A35A91419F6","properties":{"overrideid":"userTask","name":"userTask","documentation":"","asynchronousdefinition":"false","exclusivedefinition":"false","executionlisteners":"","multiinstance_type":"None","multiinstance_variableaggregations":"","multiinstance_cardinality":"","multiinstance_collection":"","multiinstance_variable":"","multiinstance_condition":"","isforcompensation":"false","usertaskassignment":{"assignment":{"type":"idm","initiatorCanCompleteTask":true,"idm":{"type":"initiator"}}},"formkeydefinition":"","formreference":"","formfieldvalidation":true,"duedatedefinition":"","prioritydefinition":"","formproperties":"","tasklisteners":{"taskListeners":[{"event":"assignment","implementation":"org.crp.training.listeners.SendMailListener","className":"org.crp.training.listeners.SendMailListener","expression":"","delegateExpression":"","fields":[],"$$hashKey":"uiGrid-000R"}]},"skipexpression":"","categorydefinition":"","taskidvariablename":""},"stencil":{"id":"UserTask"},"childShapes":[],"outgoing":[{"resourceId":"sid-703E5F95-88C4-4093-BEEF-D948C1CCF31D"}],"bounds":{"lowerRight":{"x":275,"y":218},"upperLeft":{"x":175,"y":138}},"dockers":[]},{"resourceId":"sid-46486FAD-66BC-44A3-9038-717AD72CC45F","properties":{"overrideid":"","name":"","documentation":"","conditionsequenceflow":"","executionlisteners":"","defaultflow":"false","skipexpression":""},"stencil":{"id":"SequenceFlow"},"childShapes":[],"outgoing":[{"resourceId":"sid-7971092A-1DE9-4C9E-B195-1A35A91419F6"}],"bounds":{"lowerRight":{"x":174.15625,"y":178},"upperLeft":{"x":130.609375,"y":178}},"dockers":[{"x":15,"y":15},{"x":50,"y":40}],"target":{"resourceId":"sid-7971092A-1DE9-4C9E-B195-1A35A91419F6"}},{"resourceId":"sid-7EF2A101-DD7B-4C0E-99DA-10B7C6DD2743","properties":{"overrideid":"endEvent","name":"","documentation":"","executionlisteners":""},"stencil":{"id":"EndNoneEvent"},"childShapes":[],"outgoing":[],"bounds":{"lowerRight":{"x":348,"y":192},"upperLeft":{"x":320,"y":164}},"dockers":[]},{"resourceId":"sid-703E5F95-88C4-4093-BEEF-D948C1CCF31D","properties":{"overrideid":"","name":"","documentation":"","conditionsequenceflow":"","executionlisteners":"","defaultflow":"false","skipexpression":""},"stencil":{"id":"SequenceFlow"},"childShapes":[],"outgoing":[{"resourceId":"sid-7EF2A101-DD7B-4C0E-99DA-10B7C6DD2743"}],"bounds":{"lowerRight":{"x":319.375,"y":178},"upperLeft":{"x":275.390625,"y":178}},"dockers":[{"x":50,"y":40},{"x":14,"y":14}],"target":{"resourceId":"sid-7EF2A101-DD7B-4C0E-99DA-10B7C6DD2743"}}],"stencil":{"id":"BPMNDiagram"},"stencilset":{"namespace":"http://b3mn.org/stencilset/bpmn2.0#","url":"../editor/stencilsets/bpmn2.0/bpmn2.0.json"}}}