{"id":"daf07635-7863-11ec-b227-0242ac130003","name":"03-start-end-app","key":"startEndApp","description":"","editorJson":{"models":[{"id":"823503b3-7abe-11ec-a05d-0242ac130002","name":"oneTask Process","version":1,"modelType":0,"description":"","stencilSetId":null,"createdBy":"admin","lastUpdatedBy":"admin","lastUpdated":"2022-01-21T13:32:42.546+00:00"},{"id":"f4758326-7863-11ec-b227-0242ac130003","name":"Start - End process","version":1,"modelType":0,"description":"","stencilSetId":null,"createdBy":"admin","lastUpdatedBy":"admin","lastUpdated":"2022-01-18T13:38:52.691+00:00"}],"theme":"theme-1","icon":"glyphicon-asterisk","name":"03-start-end-app","key":"startEndApp"}}