{"id":"0a8262f9-947e-11ec-9829-0242ac130003","name":"05-gateways","key":"gateways","description":"","editorJson":{"models":[{"id":"df12a095-947f-11ec-9829-0242ac130003","name":"inclusiveGateway","version":1,"modelType":0,"description":"","stencilSetId":null,"createdBy":"admin","lastUpdatedBy":"admin","lastUpdated":"2022-02-23T08:12:08.645+00:00"},{"id":"af7e7394-947f-11ec-9829-0242ac130003","name":"forkJoin","version":1,"modelType":0,"description":"","stencilSetId":null,"createdBy":"admin","lastUpdatedBy":"admin","lastUpdated":"2022-02-23T08:08:53.433+00:00"},{"id":"0a74f577-947e-11ec-9829-0242ac130003","name":"Exclusive gateway","version":1,"modelType":0,"description":"","stencilSetId":null,"createdBy":"admin","lastUpdatedBy":"admin","lastUpdated":"2022-02-23T07:55:59.872+00:00"}],"name":"05-gateways","key":"gateways","theme":"theme-1","icon":"glyphicon-asterisk"}}