{"id":"609f414e-948a-11ec-98a4-0242ac130003","name":"06-listeners","key":"listenersApp","description":"","editorJson":{"models":[{"id":"afdf3040-948a-11ec-98a4-0242ac130003","name":"executionListenersProcess","version":1,"modelType":0,"description":"","stencilSetId":null,"createdBy":"admin","lastUpdatedBy":"admin","lastUpdated":"2022-02-23T09:27:31.589+00:00"},{"id":"609221ed-948a-11ec-98a4-0242ac130003","name":"OneTaskListenersProcess","version":1,"modelType":0,"description":"","stencilSetId":null,"createdBy":"admin","lastUpdatedBy":"admin","lastUpdated":"2022-02-23T09:24:18.532+00:00"}],"theme":"theme-1","icon":"glyphicon-asterisk"}}